<?xml version="1.0" encoding="UTF-8"?>
<!DOCTYPE configuration PUBLIC "-//mybatis.org//DTD Config 3.0//EN" "http://mybatis.org/dtd/mybatis-3-config.dtd">
<configuration>

	<settings>
		<setting name="logImpl" value="LOG4J" />
	</settings>

	<typeAliases>
		<typeAlias alias="User" type="com.malinki.pz.dal.domain.UserDTO" />
	</typeAliases>

	<environments default="development">
		<environment id="development">
			<transactionManager type="JDBC" />
			<dataSource type="POOLED">
				<property name="driver" value="oracle.jdbc.driver.OracleDriver" />
				<property name="url"
					value="jdbc:oracle:thin:testuser/testpass@localhost" />
				<property name="username" value="testuser" />
				<property name="password" value="testpass" />
			</dataSource>
		</environment>
	</environments>
	<mappers>
		<mapper class="com.malinki.pz.dal.Mapper"/>
	</mappers>

</configuration>
